obs,totbill,tip,sex,smoker,day,time,size
1,16.99, 1.01,F,No,Sun,Night,2
2,10.34, 1.66,M,No,Sun,Night,3
3,21.01, 3.50,M,No,Sun,Night,3
4,23.68, 3.31,M,No,Sun,Night,2
5,24.59, 3.61,F,No,Sun,Night,4
6,25.29, 4.71,M,No,Sun,Night,4
7, 8.77, 2.00,M,No,Sun,Night,2
8,26.88, 3.12,M,No,Sun,Night,4
9,15.04, 1.96,M,No,Sun,Night,2
10,14.78, 3.23,M,No,Sun,Night,2
11,10.27, 1.71,M,No,Sun,Night,2
12,35.26, 5.00,F,No,Sun,Night,4
13,15.42, 1.57,M,No,Sun,Night,2
14,18.43, 3.00,M,No,Sun,Night,4
15,14.83, 3.02,F,No,Sun,Night,2
16,21.58, 3.92,M,No,Sun,Night,2
17,10.33, 1.67,F,No,Sun,Night,3
18,16.29, 3.71,M,No,Sun,Night,3
19,16.97, 3.50,F,No,Sun,Night,3
20,20.65, 3.35,M,No,Sat,Night,3